'Out of 5 stars, how would you rate this site?','4'
'Is there anyone else out there?','No'
'Out of 5 stars, how would you rate this site?','5'
'Out of 5 stars, how would you rate this site?','10 out of 10 would use again'
'Who uses REBLOCKED on the weekends?','no'
'Who uses REBLOCKED on the weekends?','not me well sometimes'
'Who uses REBLOCKED on the weekends?','you'
'What is your most used site?','discord.gg'
'Howdy and Hello! Welcome to your Doom!','YAAAAAAAAAAAAAAAAAAY'
'Howdy and Hello! Welcome to your Doom!','no'
'Howdy and Hello! Welcome to your Doom!','What kind of doom?'
'','what time is it'
'All in favor of spontaneous combustion say I!','I!'
'All in favor of spontaneous combustion say I!','i'
'All in favor of spontaneous combustion say I!','I!'
'All in favor of spontaneous combustion say I!','e'
'What time is it?','yur mom lol'
'What time is it?','9:00'
'What time is it?','It's time for lunch!'
'What time is it?','11:32'
'What time is it?','12:02'
'What time is it?','12:53PM'
'Are the memes the right size or are they too big or too small?','they good'
'Are the memes the right size or are they too big or too small?','there the right size imp'
'Are the memes the right size or are they too big or too small?','right size'
'Are the memes the right size or are they too big or too small?','their's big enough to suck on'
'Are the memes the right size or are they too big or too small?','perfection '
'Are the memes the right size or are they too big or too small?','The right size'
'Are the memes the right size or are they too big or too small?','too small'
'Are the memes the right size or are they too big or too small?',''
'What is green? Is green green?','yes'
'What is green? Is green green?','yeno'
'What is green? Is green green?','green'
'What is green? Is green green?','black'
'Is water wet or is wet water?','in this context water is wet is correct because something could be wet without being water'
'Is water wet or is wet water?','wet is water. AND U SHOULD TOTALLY ADD CLASH ROYALE'
'Is water wet or is wet water?','day 1 of asking for doom'
'Is water wet or is wet water?','hole.io'
'Do you like our new icon?','meh'
'Do you like our new icon?','Kinda. Would reccomend making it a globe or something cuz that would be relevant to school n stuff'
'Do you like our new icon?','yes'
'Do you like our new icon?','ye'
'Do you like our new icon?','what icon?'
'Do you like our new icon?','it's different'
'Haha, today's going to be a disaster!','Yesterday was a disaster!'
'Haha, today's going to be a disaster!','day 2 of asking for doom'
'Haha, today's going to be a disaster!','yes it is'
'Haha, today's going to be a disaster!','bongos'
'Favorite Thanksgiving Food, go!','I have an apple 2 so i can't relate'
'Favorite Thanksgiving Food, go!','Gravy lots of gravy only gravy'
'I'm a piece of dirt, you're a piece of dirt, we are the dirt of the earth! (My sister and friend when they were delerious)','Yes. Dirt.'
'I'm a piece of dirt, you're a piece of dirt, we are the dirt of the earth! (My sister and friend when they were delerious)','ok then'
'I'm a piece of dirt, you're a piece of dirt, we are the dirt of the earth! (My sister and friend when they were delerious)','ok'
'I'm a piece of dirt, you're a piece of dirt, we are the dirt of the earth! (My sister and friend when they were delerious)',''
'Test Day! On what?','fortnite'
'Test Day! On what?','ur mom '
'Test Day! On what?','English. Unit Finals. '
'Test Day! On what?','life?'
'I'm running out of questions to ask...','ask random ones then'
'I'm running out of questions to ask...','then get new ones'
'I'm running out of questions to ask...','Ok'
'Hippity, Hoppity, your computer is now my property!','thanks i needed that'
'Hippity, Hoppity, your computer is now my property!','hi'
'Hippity, Hoppity, your computer is now my property!','no u'
'Hippity, Hoppity, your computer is now my property!','Kinda weird?'
'Hippity, Hoppity, your computer is now my property!','no'
'Hippity, Hoppity, your computer is now my property!','No u'
'Hippity, Hoppity, your computer is now my property!','This site is coolio'
'I'm partially insane but somehow sane enough to program, so where does that place me on the area of insanity? Are you sane?','For you, between 1 and 10, probably a 6 on the insanity scale. And I am clinically insane. So there.'
'I'm partially insane but somehow sane enough to program, so where does that place me on the area of insanity? Are you sane?','no me sanic'
'I'm partially insane but somehow sane enough to program, so where does that place me on the area of insanity? Are you sane?','i am not sane due to school'
'I'm partially insane but somehow sane enough to program, so where does that place me on the area of insanity? Are you sane?','idk lol'
'I'm partially insane but somehow sane enough to program, so where does that place me on the area of insanity? Are you sane?','maybe'
'I'm partially insane but somehow sane enough to program, so where does that place me on the area of insanity? Are you sane?','no but change url every 10 min'
'I'm partially insane but somehow sane enough to program, so where does that place me on the area of insanity? Are you sane?','Me is sane. You is sane.'
'How much wood could a woodchuck chuck if a woodchuck could chuck wood?','69 2x4's'
'How much wood could a woodchuck chuck if a woodchuck could chuck wood?','your mom'
'How much wood could a woodchuck chuck if a woodchuck could chuck wood?','a wood chuck would chuck as much wood as a wood chuck could chuck'
'How much wood could a woodchuck chuck if a woodchuck could chuck wood?','he would chuck as much wood as a wood chuck could if a wood chuck could chuck wood'
'How much wood could a woodchuck chuck if a woodchuck could chuck wood?','none'
'How much wood could a woodchuck chuck if a woodchuck could chuck wood?','7000'
'How much wood could a woodchuck chuck if a woodchuck could chuck wood?','NOOOOOOOOOOOOOOOOOOO'
'How much wood could a woodchuck chuck if a woodchuck could chuck wood?','A would chuck would chuck all the wood he could chuck if a would chuck could chuck wood'
'How much wood could a woodchuck chuck if a woodchuck could chuck wood?','A woodchuck'
'How much wood could a woodchuck chuck if a woodchuck could chuck wood?','If a wood chuck chucks wood, would it if it could?'
'Quiz time! Who is the creator of REBLOCKED? Who is the secondary programmer? What is the next thing that will go on site?','hugiuiuiug'
'Quiz time! Who is the creator of REBLOCKED? Who is the secondary programmer? What is the next thing that will go on site?','Slope'
'Quiz time! Who is the creator of REBLOCKED? Who is the secondary programmer? What is the next thing that will go on site?','coolkid'
'Quiz time! Who is the creator of REBLOCKED? Who is the secondary programmer? What is the next thing that will go on site?','five nights at freddy's!'
'Quiz time! Who is the creator of REBLOCKED? Who is the secondary programmer? What is the next thing that will go on site?','dummas'
'Quiz time! Who is the creator of REBLOCKED? Who is the secondary programmer? What is the next thing that will go on site?','d'
'Quiz time! Who is the creator of REBLOCKED? Who is the secondary programmer? What is the next thing that will go on site?','Unknown Bot Mongoose breaker proxy'
'Quiz time! Who is the creator of REBLOCKED? Who is the secondary programmer? What is the next thing that will go on site?','ur mom'
'Quiz time! Who is the creator of REBLOCKED? Who is the secondary programmer? What is the next thing that will go on site?','I don't know, I don't know, and I don't know'
'Quiz time! Who is the creator of REBLOCKED? Who is the secondary programmer? What is the next thing that will go on site?',''
'How were you smart enough to see this clone? How many people have you told about this clone?','they blocked the original site at my disrtict and I remembered that there was a mirror so I just got the link from my phone'
'','yes'
'',' '
'','idk there's no question'
